date,sleep_minutes,bedtime,steps,places,mood,energy
2019-11-01,,,17873,,3,2
2019-11-02,378,00:09,13118,,3,2
2019-11-03,378,00:32,14312,,3,3
2019-11-04,361,23:55,10970,,3,3
2019-11-05,326,00:22,16186,,3,3
2019-11-06,341,00:25,8189,,3,3
2019-11-07,624,23:45,8710,,3,3
2019-11-08,360,23:48,12888,,3,3
2019-11-09,344,00:31,16450,,3,3
2019-11-10,382,00:15,17843,,3,3
2019-11-11,318,00:09,12519,,,
2019-11-12,378,23:19,10392,,3,2
2019-11-13,320,00:28,11185,,3,3
2019-11-14,325,00:22,19220,,2,3
2019-11-15,342,00:14,18259,,3,2
2019-11-16,317,00:47,15305,,3,2
2019-11-17,337,00:30,11916,,4,3
2019-11-18,330,00:23,8241,,3,2
2019-11-19,318,00:17,7134,,3,2
2019-11-20,383,23:28,10116,,3,2
2019-11-21,327,00:04,19747,,3,3
2019-11-22,333,00:18,10938,,3,2
2019-11-23,356,23:58,20704,,3,3
2019-11-24,421,00:45,16517,,3,3
2019-11-25,332,00:31,12481,,3,2
2019-11-26,318,23:49,16428,,3,3
2019-11-27,365,23:34,10556,,3,2
2019-11-28,341,23:57,17535,,3,3
2019-11-29,309,00:12,16209,,3,2
2019-11-30,402,00:31,10782,,3,2
2019-12-01,387,00:03,13736,,3,3
2019-12-02,190,00:26,12224,,3,3
2019-12-03,345,00:01,18142,,3,3
2019-12-04,335,00:08,11745,,3,2
2019-12-05,314,00:40,18234,,3,2
2019-12-06,290,00:27,10401,,3,2
2019-12-07,848,23:29,14898,,3,2
2019-12-08,402,00:02,15805,,3,3
2019-12-09,332,23:49,11223,,3,2
2019-12-10,336,00:22,7708,,3,2
2019-12-11,416,22:41,9855,,,
2019-12-12,220,00:24,10728,,,
2019-12-13,337,00:17,15910,,3,2
2019-12-14,386,00:14,15348,,3,3
2019-12-15,369,00:40,21362,,3,2
2019-12-16,367,23:41,10489,,3,3
2019-12-17,309,00:29,12437,,3,4
2019-12-18,329,00:23,14775,,,
2019-12-19,310,00:54,18894,,,
2019-12-20,267,01:48,13110,,,
2019-12-21,385,01:00,17760,,3,3
2019-12-22,403,00:26,18170,,3,3
2019-12-23,430,00:50,17227,,3,3
2019-12-24,369,00:33,13316,,,
2019-12-25,423,01:26,11804,,3,3
2019-12-26,406,00:19,16891,,3,3
2019-12-27,417,00:44,10161,,3,2
2019-12-28,439,00:00,12445,,3,2
2019-12-29,418,00:06,13699,,3,2
2019-12-30,338,02:03,10187,,3,2
2019-12-31,364,01:09,11490,,,
2020-01-01,360,01:57,11847,,3,3
2020-01-02,510,20:22,10346,,3,3
2020-01-03,368,23:19,17431,,3,3
2020-01-04,459,23:44,16170,,2,2
2020-01-05,430,00:03,11425,,,
2020-01-06,636,00:35,11322,,3,2
2020-01-07,315,00:05,17638,,3,2
2020-01-08,327,23:51,8149,,2,2
2020-01-09,348,23:58,13189,,1,2
2020-01-10,344,00:26,13733,,3,2
2020-01-11,475,23:44,13736,,3,3
2020-01-12,414,00:12,8820,,3,3
2020-01-13,302,00:06,8564,,3,2
2020-01-14,364,23:29,17723,,3,3
2020-01-15,382,23:11,14145,,3,3
2020-01-16,351,23:16,13888,,3,3
2020-01-17,350,23:33,12501,,3,3
2020-01-18,311,00:48,13480,,3,3
2020-01-19,337,02:44,13255,,3,2
2020-01-20,359,23:34,7492,,3,3
2020-01-21,365,23:37,11684,,3,3
2020-01-22,302,00:31,10162,,3,2
2020-01-23,349,00:05,15169,,3,3
2020-01-24,392,23:09,10721,,3,3
2020-01-25,387,23:37,18231,,,
2020-01-26,381,23:57,18422,,3,2
2020-01-27,307,00:28,9026,,3,2
2020-01-28,326,00:03,14473,,3,3
2020-01-29,325,00:26,4749,,3,2
2020-01-30,343,00:09,14398,,3,3
2020-01-31,349,23:55,12231,,3,1
2020-02-01,326,00:02,14409,,3,2
2020-02-02,372,00:18,11652,,4,3
2020-02-03,369,23:15,10754,,3,2
2020-02-04,331,00:09,8898,,3,3
2020-02-05,600,00:16,18685,,3,3
2020-02-06,317,00:21,24846,,3,3
2020-02-07,340,00:13,8131,,3,2
2020-02-08,425,00:03,14197,,3,2
2020-02-09,379,00:37,8963,,3,3
2020-02-10,327,00:28,15052,,3,3
2020-02-11,359,00:04,10533,,3,2
2020-02-12,338,23:50,10839,,3,2
2020-02-13,330,00:13,13617,,3,3
2020-02-14,247,01:37,7819,,3,1
2020-02-15,423,00:17,6833,,3,2
2020-02-16,417,23:24,8837,,,
2020-02-17,289,00:22,10674,,3,3
2020-02-18,389,00:21,10533,,3,3
2020-02-19,352,00:54,18691,,3,3
2020-02-20,318,01:22,7720,,3,3
2020-02-21,263,01:29,17992,,3,3
2020-02-22,378,00:57,15947,,3,2
2020-02-23,410,00:35,12227,,3,2
2020-02-24,315,00:14,7427,,3,3
2020-02-25,264,01:42,7365,,3,3
2020-02-26,296,01:52,12554,,3,3
2020-02-27,319,00:13,19534,,3,2
2020-02-28,318,00:37,12513,,3,2
2020-02-29,362,00:44,21999,,3,3
2020-03-01,346,01:30,21553,,3,3
2020-03-02,366,23:44,11335,,3,2
2020-03-03,374,23:35,10117,,3,3
2020-03-04,300,00:36,13093,,3,3
2020-03-05,358,23:45,20119,,3,3
2020-03-06,738,23:45,10480,,3,2
2020-03-07,392,00:17,12847,,3,3
2020-03-08,371,00:12,13115,,3,3
2020-03-09,334,00:15,7240,,3,3
2020-03-10,326,23:53,13280,,3,3
2020-03-11,,,8855,,,
2020-03-12,331,00:44,9835,,3,3
2020-03-13,389,00:09,8744,,3,3
2020-03-14,446,00:28,9026,,3,3
2020-03-15,301,00:46,9937,,3,2
2020-03-16,345,23:55,6939,,3,2
2020-03-17,473,21:46,7952,,3,2
2020-03-18,427,00:10,6403,,3,3
2020-03-19,332,01:02,8331,,3,2
2020-03-20,341,00:23,7189,,2,2
2020-03-21,381,00:25,14653,,3,2
2020-03-22,408,00:28,4773,,3,3
2020-03-23,375,00:28,5897,,3,3
2020-03-24,438,23:45,5439,,3,3
2020-03-25,347,00:50,9121,,3,3
2020-03-26,415,00:13,7357,,,
2020-03-27,307,02:27,11532,,2,2
2020-03-28,354,01:03,16448,,3,3
2020-03-29,349,00:46,6698,,3,3
2020-03-30,386,00:17,4761,,3,3
2020-03-31,345,00:44,9351,,,
